{"cameraMode":{"drawMode":0,"name":"Shaded","section":"Shading Mode"},"sceneLighting":false,"audioPlay":false,"sceneViewState":{"showFog":true,"showMaterialUpdate":true,"showSkybox":true,"showFlares":true,"showImageEffects":true,"showParticleSystems":true},"in2DMode":false,"pivot":{"x":-0.0005855560302734375,"y":5.9239325523376469,"z":0.0020017623901367189},"rotation":{"x":-0.0821371003985405,"y":0.8587469458580017,"z":0.1453126072883606,"w":0.4846270978450775},"size":13.635787010192871,"orthographic":false}