{"cameraMode":{"drawMode":0,"name":"Shaded","section":"Shading Mode"},"sceneLighting":false,"audioPlay":false,"sceneViewState":{"showFog":false,"showMaterialUpdate":false,"showSkybox":false,"showFlares":false,"showImageEffects":false,"showParticleSystems":false},"in2DMode":false,"pivot":{"x":2.674367666244507,"y":2.362825870513916,"z":-2.999582529067993},"rotation":{"x":-0.036482930183410647,"y":-0.9269680380821228,"z":0.09380296617746353,"w":-0.3616195619106293},"size":5.92875337600708,"orthographic":false}