{"cameraMode":{"drawMode":0,"name":"Shaded","section":"Shading Mode"},"sceneLighting":false,"audioPlay":false,"sceneViewState":{"showFog":true,"showMaterialUpdate":true,"showSkybox":false,"showFlares":true,"showImageEffects":true,"showParticleSystems":true},"in2DMode":false,"pivot":{"x":8.681264877319336,"y":2.1116809844970705,"z":-5.822030544281006},"rotation":{"x":-0.12345022708177567,"y":-0.6792933940887451,"z":0.1175822764635086,"w":-0.713895857334137},"size":7.970296382904053,"orthographic":false}